breadth,exit_buffer,sl,tp,max_pos,leverage,bgap,max_hold_days,final,trades,mwr,pf,sharpe,mdd,win_rate,score,return_pct
0.6,0.975,5.0,40.0,10,2.0,0.1,30,528156.6042000001,977,0.14754098360655737,0.8011127465842998,-0.5915662678471261,58.41151968000001,0.4933058702368692,-9990.29,-47.18433957999999
0.6,0.98,5.0,40.0,10,2.0,0.1,30,391911.63467999944,972,0.16393442622950818,0.7393546269239243,-0.7560106381914967,63.54857749200006,0.4793388429752066,-9990.32,-60.80883653200006
0.6,0.98,5.0,40.0,10,2.0,0.12,30,470960.5215000011,968,0.19672131147540983,0.8314010014851417,-0.6635240531101297,58.71065712997474,0.498960498960499,-9990.38,-52.9039478499999
0.5,0.975,5.0,40.0,10,2.0,0.1,30,1250566.749140001,962,0.2786885245901639,1.0555763418874873,0.2968018053508996,32.456063461192116,0.5592515592515592,-9990.38,25.056674914000098
0.5,0.98,5.0,40.0,10,2.0,0.1,30,550492.8997799987,967,0.22950819672131148,0.8455875196816638,-0.4646476142041234,50.38163409835633,0.5026014568158168,-9990.39,-44.95071002200013
0.6,0.975,5.0,40.0,10,1.5,0.1,30,805672.0833199989,946,0.2459016393442623,0.9119379691999192,-0.18757933605834673,34.33672626959453,0.5317124735729387,-9990.54,-19.432791668000103
0.6,0.98,3.0,40.0,10,2.0,0.12,30,430553.9651599981,951,0.18032786885245902,0.7746811506463688,-0.80558911436334,60.705999569547345,0.4857142857142857,-9990.55,-56.94460348400019
0.5,0.98,3.0,40.0,10,2.0,0.1,30,772384.4365999993,945,0.26229508196721313,0.9160298872823134,-0.05327570068881728,57.45414374349874,0.5312169312169313,-9990.55,-22.761556340000066
0.6,0.98,3.0,40.0,10,2.0,0.1,30,516942.6374199983,949,0.18032786885245902,0.802090511832074,-0.7005440617493134,58.82430809800017,0.4915254237288136,-9990.56,-48.30573625800017
0.5,0.975,5.0,40.0,10,2.0,0.12,30,1798351.3675199966,948,0.32786885245901637,1.161076760120766,0.5947113853641408,23.042032656027445,0.5980911983032874,-9990.57,79.83513675199967
0.6,0.975,5.0,40.0,10,2.0,0.12,30,609380.5251000009,948,0.22950819672131148,0.881232218738656,-0.4866498506086053,46.64808039342911,0.5329787234042553,-9990.6,-39.061947489999916
0.5,0.98,3.0,40.0,10,1.5,0.1,30,583494.5101199993,947,0.22950819672131148,0.7937333140946776,-0.7376352755465,46.31616734040321,0.5127659574468085,-9990.6,-41.65054898800007
0.6,0.975,3.0,40.0,10,2.0,0.1,30,440687.14482000045,938,0.16393442622950818,0.7520156149658234,-0.929413023608278,64.61381093199998,0.4904051172707889,-9990.62,-55.93128551799995
0.6,0.975,3.0,40.0,10,1.5,0.12,30,549230.565159998,938,0.19672131147540983,0.7690268913742013,-0.7302622894865773,54.53695775886152,0.5138592750533049,-9990.62,-45.076943484000196
0.6,0.975,3.0,40.0,10,2.0,0.12,30,390745.0643999997,937,0.18032786885245902,0.7417960999296511,-0.9102232908236758,67.75875685585144,0.49413020277481323,-9990.63,-60.925493560000035
0.6,0.98,5.0,40.0,10,1.5,0.12,30,719188.896119999,942,0.2459016393442623,0.872301521267273,-0.3058707697926708,43.57593545694283,0.5096153846153846,-9990.64,-28.0811103880001
0.6,0.98,5.0,40.0,10,1.5,0.1,30,682034.5113999989,940,0.21311475409836064,0.8507077005569292,-0.3699908957367342,45.58241785009717,0.5037433155080214,-9990.65,-31.796548860000108
0.5,0.98,3.0,40.0,10,2.0,0.12,30,515142.7477199999,940,0.21311475409836064,0.8261719961627517,-0.4276019617691079,57.727729239662054,0.5042826552462527,-9990.66,-48.48572522800001
0.6,0.975,5.0,40.0,10,1.5,0.12,30,731608.6156599992,941,0.21311475409836064,0.879597190665518,-0.34177658802379046,36.22910084110947,0.5246252676659529,-9990.66,-26.839138434000077
0.5,0.98,5.0,40.0,10,1.5,0.1,30,533763.6017199979,931,0.21311475409836064,0.7815835879243889,-0.6794541293756823,50.13511430563806,0.5102040816326531,-9990.69,-46.62363982800021
0.5,0.98,5.0,40.0,10,1.5,0.12,30,776748.5478600005,931,0.21311475409836064,0.9115690112421669,-0.17772897128693546,30.832530258993728,0.5156756756756756,-9990.75,-22.325145213999953
0.5,0.98,3.0,40.0,10,1.5,0.12,30,779470.0454799982,930,0.2459016393442623,0.9017249523656489,-0.2049823644607189,37.98362959202674,0.5227272727272727,-9990.76,-22.05299545200018
0.5,0.975,3.0,40.0,10,2.0,0.12,30,564525.77296,921,0.21311475409836064,0.8380706841253825,-0.476958343741028,57.63237795809996,0.5054704595185996,-9990.86,-43.547422704000006
0.6,0.98,3.0,40.0,10,1.0,0.12,30,792452.1333200011,910,0.26229508196721313,0.8715016629248022,-0.45973314250481423,27.058135833999874,0.5142857142857142,-9990.9,-20.75478666799989
0.5,0.98,5.0,40.0,10,2.0,0.12,30,564594.1332799998,913,0.22950819672131148,0.8514431753464463,-0.4925591928354184,49.110627399183294,0.5005512679162073,-9990.93,-43.54058667200002
0.6,0.98,3.0,40.0,10,1.5,0.12,30,446009.39579999924,910,0.18032786885245902,0.7115588838659228,-1.0756574462694535,57.81706516012592,0.48344370860927155,-9990.94,-55.39906042000007
0.6,0.975,3.0,40.0,10,1.5,0.1,30,431683.1473800002,910,0.18032786885245902,0.6824904673046674,-1.270476910794578,59.48472022473298,0.4922737306843267,-9990.94,-56.83168526199998
0.5,0.975,3.0,40.0,10,2.0,0.1,30,562879.7505999992,905,0.19672131147540983,0.8292341281073924,-0.44755874557052683,57.74052580551534,0.5049723756906077,-9990.95,-43.712024940000084
0.5,0.975,5.0,40.0,10,1.5,0.12,30,549700.0830799994,901,0.21311475409836064,0.7874991585795694,-0.6988282523546963,55.41502168558633,0.5194228634850167,-9990.99,-45.02999169200006
0.5,0.975,5.0,40.0,10,1.5,0.1,30,565782.7502799995,900,0.21311475409836064,0.7955674090572572,-0.7549717580439361,51.444499034283176,0.5166666666666667,-9991.0,-43.42172497200005
0.5,0.98,3.0,40.0,10,1.0,0.1,30,831102.8601000021,900,0.2786885245901639,0.8990863811484509,-0.30371053875057624,23.52019211006029,0.5333333333333333,-9991.0,-16.889713989999787
0.6,0.98,3.0,40.0,10,1.5,0.1,30,428295.33547999896,903,0.19672131147540983,0.6858093881108078,-1.3087327540381117,60.003907775580814,0.47888888888888886,-9991.0,-57.1704664520001
0.5,0.98,3.0,40.0,10,1.0,0.12,30,982801.0138000019,904,0.29508196721311475,0.9924618992861097,0.021728005933863537,18.120053495058038,0.5394883203559511,-9991.01,-1.7198986199998045
0.6,0.98,5.0,40.0,10,1.0,0.1,30,957425.3192000005,892,0.26229508196721313,0.9738123024119254,-0.04590963916549152,25.311812687103075,0.5168161434977578,-9991.08,-4.257468079999949
0.5,0.98,5.0,40.0,10,1.0,0.1,30,1005973.0998000012,892,0.2786885245901639,1.005595294684726,0.059108680703646534,17.184331989027545,0.5474040632054176,-9991.14,0.5973099800001158
0.6,0.98,3.0,40.0,10,1.0,0.1,30,656950.5604600009,889,0.22950819672131148,0.7781644469875386,-0.8187161784168075,36.26388039399996,0.4903954802259887,-9991.15,-34.30494395399991
0.6,0.98,5.0,40.0,10,1.0,0.12,30,994427.0530000001,890,0.26229508196721313,0.9991637608468728,0.031248861192484764,23.2827029132958,0.5209039548022599,-9991.15,-0.5572946999999884
0.5,0.975,3.0,40.0,10,1.5,0.12,30,493936.79833999823,882,0.2459016393442623,0.7238307595428697,-0.9669466825902061,55.98598416406012,0.5158730158730159,-9991.18,-50.606320166000174
0.5,0.975,3.0,40.0,10,1.5,0.1,30,489727.5983399983,881,0.2459016393442623,0.7215224654881734,-0.9831875018945099,56.2723634345486,0.5153234960272418,-9991.19,-51.027240166000176
0.5,0.98,5.0,40.0,10,1.0,0.12,30,1064610.5560000006,884,0.29508196721311475,1.0373277780477328,0.1710229880438345,17.19744048181111,0.5489749430523918,-9991.22,6.461055600000054
0.5,0.975,5.0,40.0,10,1.0,0.1,30,1206121.2740200015,876,0.2786885245901639,1.1180675297384663,0.38459377536681855,11.155608078394868,0.5582191780821918,-9991.24,20.61212740200016
0.6,0.975,3.0,40.0,10,1.0,0.12,30,885965.9353000005,871,0.26229508196721313,0.9223662929974557,-0.2217440574209504,23.529350835999942,0.5223880597014925,-9991.29,-11.403406469999954
0.6,0.975,5.0,40.0,10,1.0,0.12,30,995231.6078799989,867,0.2459016393442623,1.00023801294619,0.031904812408261506,23.126279749022324,0.5261324041811847,-9991.39,-0.47683921200011303
0.6,0.975,5.0,40.0,10,1.0,0.1,30,989500.6339399994,860,0.2459016393442623,0.9932160625433527,0.02346401539566696,25.89410320002012,0.5232558139534884,-9991.4,-1.049936606000057
0.6,0.975,3.0,40.0,10,1.0,0.1,30,656560.8245199998,858,0.19672131147540983,0.7666616871188375,-0.8905624551728004,36.58049398800003,0.4953161592505855,-9991.46,-34.34391754800002
0.5,0.975,5.0,40.0,10,1.0,0.12,30,875449.3763200007,848,0.26229508196721313,0.9328250051182339,-0.19970983194844252,26.191032763336953,0.5259433962264151,-9991.52,-12.455062367999925
0.5,0.975,3.0,40.0,10,1.0,0.12,30,670275.4860800001,842,0.2459016393442623,0.7832250039223084,-0.7014475509893593,37.028555321629845,0.5118764845605701,-9991.58,-32.97245139199999
0.5,0.975,3.0,40.0,10,1.0,0.1,30,671883.7308000001,838,0.22950819672131148,0.7841045337486164,-0.7144011612968775,36.95160755999151,0.513126491646778,-9991.62,-32.81162691999998
0.6,0.98,3.0,40.0,5,1.0,0.1,30,585644.4651199998,600,0.26229508196721313,0.7777269843289893,-0.43120823543493253,54.9494379545145,0.4991624790619765,-9994.03,-41.43555348800002
0.6,0.975,3.0,40.0,5,1.0,0.1,30,587711.637080001,596,0.2459016393442623,0.7918628513160672,-0.5675459552549976,46.91177194157553,0.5042158516020236,-9994.07,-41.228836291999905
0.5,0.98,3.0,40.0,5,1.0,0.12,30,795789.80098,591,0.2459016393442623,0.9096252131643376,-0.13851084067984845,45.27826629950149,0.5313028764805414,-9994.09,-20.421019901999994
0.5,0.98,3.0,40.0,5,1.0,0.1,30,841908.8569199992,592,0.22950819672131148,0.9293028808535916,-0.05374238807987659,45.822522689455695,0.523728813559322,-9994.1,-15.809114308000073
0.6,0.98,5.0,40.0,5,1.0,0.1,30,664556.1672800002,588,0.2459016393442623,0.8348650088346952,-0.29076870732630644,42.828715722884155,0.5034013605442177,-9994.12,-33.544383271999976
0.6,0.975,5.0,40.0,5,1.0,0.1,30,804446.0251399988,589,0.22950819672131148,0.9171841811294515,-0.17721665552047422,39.71847041909673,0.5519591141396933,-9994.13,-19.555397486000125
0.6,0.975,3.0,40.0,5,1.0,0.12,30,585756.4282600011,590,0.22950819672131148,0.79931285962107,-0.537081148970837,47.21015161923623,0.524701873935264,-9994.13,-41.424357173999894
0.6,0.975,3.0,40.0,5,2.0,0.1,30,921103.4608399995,587,0.2459016393442623,0.982021666727796,0.08259817071699398,44.72880910179287,0.535958904109589,-9994.16,-7.88965391600005
0.6,0.98,5.0,40.0,5,1.5,0.12,30,283241.4883999997,586,0.19672131147540983,0.702317465966483,-1.337093934662911,72.52718007686748,0.47855917667238423,-9994.17,-71.67585116000004
0.6,0.98,3.0,40.0,5,1.0,0.12,30,481522.76952000085,586,0.21311475409836064,0.7165815561226352,-1.0014732359093055,54.68538414199142,0.5248713550600344,-9994.17,-51.847723047999914
0.6,0.98,5.0,40.0,5,1.5,0.1,30,277417.37340000004,584,0.21311475409836064,0.6887040570133661,-1.2781805350057274,73.01251238060284,0.47332185886402756,-9994.19,-72.25826266
0.6,0.975,5.0,40.0,5,1.0,0.12,30,815046.7878599996,582,0.2459016393442623,0.9258976659504073,-0.15129603255367932,33.98229535339598,0.5568965517241379,-9994.2,-18.495321214000036
0.6,0.98,5.0,40.0,5,1.0,0.12,30,689659.031719999,580,0.22950819672131148,0.8690585490699179,-0.2627569618426358,45.89652647390739,0.5568965517241379,-9994.2,-31.03409682800009
0.6,0.98,3.0,40.0,5,2.0,0.1,30,216416.45975999977,579,0.18032786885245902,0.6913194538565209,-1.0406117638022268,80.96376117021636,0.5,-9994.24,-78.35835402400002
0.5,0.98,5.0,40.0,5,1.0,0.1,30,665781.4023400006,572,0.26229508196721313,0.8569606926554032,-0.31110686469427434,49.08673200555286,0.5297202797202797,-9994.28,-33.42185976599994
0.5,0.975,3.0,40.0,5,1.0,0.12,30,692710.5857599997,573,0.22950819672131148,0.85664000162931,-0.32071287133259435,48.03201795366843,0.531578947368421,-9994.3,-30.728941424000034
0.5,0.975,5.0,40.0,5,1.5,0.12,30,757314.3821600004,572,0.3114754098360656,0.9380961585887089,-0.16785582982127434,49.46515589540513,0.5368421052631579,-9994.3,-24.268561783999964
0.5,0.975,3.0,40.0,5,1.0,0.1,30,592431.9397200014,567,0.21311475409836064,0.8171237428327452,-0.56859448189897,48.495477386202154,0.5343915343915344,-9994.33,-40.75680602799986
0.6,0.975,3.0,40.0,5,2.0,0.12,30,678615.63006,569,0.29508196721311475,0.9325222264963788,-0.1266479631910431,42.75651104351072,0.5282685512367491,-9994.34,-32.138436993999996
0.5,0.975,5.0,40.0,5,1.0,0.1,30,1224386.9559799994,567,0.29508196721311475,1.0859626349243736,0.3110247665167511,17.64413975863779,0.584070796460177,-9994.35,22.438695597999935
0.5,0.98,5.0,40.0,5,1.0,0.12,30,1136021.3961800018,566,0.3114754098360656,1.0592876014985462,0.2447023820761847,21.203536970255865,0.5797872340425532,-9994.36,13.602139618000187
0.6,0.98,3.0,40.0,5,1.5,0.12,30,392971.86739999906,563,0.16393442622950818,0.7241335428784416,-0.7162448564034435,68.26655252148262,0.4866785079928952,-9994.37,-60.702813260000084
0.6,0.975,5.0,40.0,5,1.5,0.1,30,446087.6933399993,563,0.21311475409836064,0.7715941595765718,-0.5347833721315105,69.49010783089459,0.5257548845470693,-9994.37,-55.39123066600007
0.5,0.98,5.0,40.0,5,2.0,0.1,30,577528.0371399998,565,0.2459016393442623,0.9258391313159993,-0.27714207055360646,67.83227337773629,0.5293072824156305,-9994.37,-42.24719628600002
0.6,0.975,3.0,40.0,5,1.5,0.1,30,285218.7277400003,565,0.18032786885245902,0.6618249881099186,-1.4141649172734507,72.25358747591882,0.49644128113879005,-9994.38,-71.47812722599997
0.6,0.975,5.0,40.0,5,2.0,0.12,30,792466.2678199989,565,0.22950819672131148,0.9434758145906734,0.03272424315261207,59.07345666510457,0.5444839857651246,-9994.38,-20.753373218000114
0.5,0.98,3.0,40.0,5,1.5,0.1,30,1010731.9256399986,564,0.2786885245901639,1.0050960795555686,0.11433140886856898,36.9737423248028,0.5604982206405694,-9994.38,1.0731925639998696
0.5,0.975,3.0,40.0,5,1.5,0.1,30,890040.7798999993,562,0.2786885245901639,0.9781610421731349,0.010624408948781545,43.26402048212535,0.5589285714285714,-9994.4,-10.99592201000007
0.6,0.98,3.0,40.0,5,1.5,0.1,30,355634.9054800008,563,0.18032786885245902,0.6954453137967919,-0.9152668371797278,71.9789653167893,0.5089285714285714,-9994.4,-64.43650945199992
0.5,0.975,5.0,40.0,5,1.5,0.1,30,774995.9223599993,562,0.2459016393442623,0.9439187664931673,-0.12305189350349126,42.641409418732856,0.5482142857142858,-9994.4,-22.500407764000073
0.6,0.975,5.0,40.0,5,1.5,0.12,30,302309.1523999993,562,0.19672131147540983,0.6446965978900091,-0.9081195944067427,74.3592249132494,0.49731663685152055,-9994.41,-69.76908476000007
0.5,0.975,5.0,40.0,5,2.0,0.1,30,581670.4055600001,561,0.22950819672131148,0.9307512771754962,-0.2238525195983626,67.60844582074165,0.5295169946332737,-9994.41,-41.832959444
0.5,0.975,5.0,40.0,5,1.0,0.12,30,1113135.28406,561,0.32786885245901637,1.040778098158596,0.2095360726610439,24.41292465714247,0.5617173524150268,-9994.41,11.313528405999996
0.5,0.975,3.0,40.0,5,2.0,0.1,30,741859.4730999985,560,0.2786885245901639,0.9542768304441868,-0.018268139760723515,59.6894201496596,0.5565529622980251,-9994.43,-25.814052690000146
0.5,0.98,5.0,40.0,5,1.5,0.12,30,671739.4488600007,556,0.22950819672131148,0.9080044994588022,-0.20605407612389023,54.45141840815735,0.5306859205776173,-9994.46,-32.82605511399993
0.6,0.98,5.0,40.0,5,2.0,0.1,30,346566.6271600012,555,0.18032786885245902,0.7878082282794133,-0.4875153073706581,74.61825998686503,0.5072463768115942,-9994.48,-65.34333728399989
0.6,0.975,3.0,40.0,5,1.5,0.12,30,298426.40223999944,555,0.16393442622950818,0.6573085497939749,-1.1529834901360314,74.38405625458383,0.5090579710144928,-9994.48,-70.15735977600006
0.5,0.98,5.0,40.0,5,1.5,0.1,30,701239.5204600012,554,0.22950819672131148,0.9151685867189852,-0.21029978620603562,49.22442612148092,0.5181159420289855,-9994.48,-29.876047953999883
0.6,0.98,3.0,40.0,5,2.0,0.12,30,551766.6471000003,553,0.26229508196721313,0.873116848049965,-0.286349534752488,56.12836270449729,0.5245009074410163,-9994.49,-44.82333528999997
0.5,0.98,5.0,40.0,5,2.0,0.12,30,1058139.1525600008,552,0.29508196721311475,1.0102914586222553,0.1723016201440602,50.600193284212466,0.5482695810564663,-9994.51,5.8139152560000795
0.5,0.975,3.0,40.0,5,1.5,0.12,30,858440.9233399997,551,0.2786885245901639,0.9685808395966412,-0.07067888014527943,38.04039455841813,0.5565693430656934,-9994.52,-14.155907666000022
0.6,0.975,5.0,40.0,5,2.0,0.1,30,413862.5236400001,548,0.21311475409836064,0.8272206752630422,-0.33524267527065016,70.00828246924418,0.5201465201465202,-9994.54,-58.61374763599999
0.6,0.98,5.0,40.0,5,2.0,0.12,30,565615.7457400007,548,0.22950819672131148,0.8720446427957649,-0.2397940974753214,57.58567375398669,0.5256410256410257,-9994.54,-43.438425425999924
0.5,0.98,3.0,40.0,5,1.5,0.12,30,769472.7670399987,546,0.2786885245901639,0.949219551907904,-0.13386790588769223,50.97680692974208,0.5422794117647058,-9994.56,-23.05272329600013
0.5,0.98,3.0,40.0,5,2.0,0.1,30,685072.6095600006,545,0.26229508196721313,0.9406534834999063,-0.06502771991919663,62.44766612862315,0.5479704797047971,-9994.58,-31.49273904399994
0.5,0.98,3.0,40.0,5,2.0,0.12,30,525194.1081400022,536,0.2459016393442623,0.9037166749049341,-0.31462157179690176,63.9537380590231,0.5318352059925093,-9994.66,-47.480589185999776
0.5,0.975,3.0,40.0,5,2.0,0.12,30,805671.6789199999,535,0.2786885245901639,0.9602932852492455,0.051618885383537455,62.88957100149535,0.5357142857142857,-9994.68,-19.43283210800001
0.5,0.975,5.0,40.0,5,2.0,0.12,30,793916.8063800007,526,0.2459016393442623,0.9592236251876716,0.04566074402325717,70.07964397403343,0.5391969407265774,-9994.77,-20.60831936199994
0.6,0.98,3.0,40.0,3,1.0,0.1,30,719044.2245799991,407,0.2459016393442623,0.9027547854769884,-0.25477919243155794,32.23585313152931,0.5135135135135135,-9995.93,-28.095577542000093
0.6,0.975,5.0,40.0,3,1.5,0.12,30,953470.0103799968,407,0.2459016393442623,0.9921137673475819,0.0987641170742047,46.82668689822705,0.5234567901234568,-9995.95,-4.65299896200031
0.6,0.98,5.0,40.0,3,1.0,0.1,30,962029.0823999993,404,0.26229508196721313,0.9869961777026451,0.05943577864092598,23.919894242105634,0.5297029702970297,-9995.96,-3.797091760000071
0.6,0.975,3.0,40.0,3,1.0,0.1,30,487435.56295999826,403,0.19672131147540983,0.7758941971407614,-0.5524853474686124,58.40858962723981,0.5497512437810945,-9995.98,-51.256443704000176
0.6,0.98,3.0,40.0,3,1.0,0.12,30,661555.2960799992,402,0.26229508196721313,0.8703191269217765,-0.3728757070260412,41.76344854555777,0.5286783042394015,-9995.99,-33.84447039200008
0.6,0.975,5.0,40.0,3,1.0,0.1,30,974694.3381999992,400,0.2786885245901639,0.9915579998950756,0.06794699198622459,22.64153065096109,0.525,-9996.0,-2.5305661800000823
0.6,0.98,5.0,40.0,3,2.0,0.1,30,655394.4531399996,399,0.18032786885245902,0.9321571491864161,-0.044332698975511016,45.2826995902458,0.5088161209068011,-9996.03,-34.46055468600003
0.6,0.98,5.0,40.0,3,1.5,0.12,30,594438.1900599983,398,0.18032786885245902,0.9058354708161898,-0.20379893622201395,45.90975796244384,0.51010101010101,-9996.04,-40.556180994000165
0.6,0.98,3.0,40.0,3,2.0,0.1,30,616260.4472799993,397,0.18032786885245902,0.9151044178094965,-0.1035826054922685,49.11067056962327,0.5164556962025316,-9996.05,-38.373955272000075
0.6,0.98,5.0,40.0,3,1.0,0.12,30,940266.7807999986,397,0.26229508196721313,0.9814729283683994,0.05131059679015736,38.59629987722023,0.549367088607595,-9996.05,-5.97332192000014
0.6,0.98,5.0,40.0,3,1.5,0.1,30,968346.5739199964,397,0.22950819672131148,0.9961441648563869,0.10881601571961806,35.99871650343043,0.5367088607594936,-9996.05,-3.1653426080003655
0.6,0.975,5.0,40.0,3,1.0,0.12,30,686094.0348199981,395,0.26229508196721313,0.8837519417027697,-0.3010297767541368,39.594333214022775,0.5304568527918782,-9996.06,-31.39059651800019
0.6,0.975,3.0,40.0,3,1.0,0.12,30,438811.9735599982,395,0.21311475409836064,0.7675696885887124,-0.7726319883258597,56.98353285538995,0.5050761421319797,-9996.06,-56.118802644000176
0.6,0.975,3.0,40.0,3,1.5,0.12,30,488589.2093799984,392,0.18032786885245902,0.8747761799141558,-0.35522400403161114,54.80863015345297,0.5128205128205128,-9996.1,-51.14107906200016
0.6,0.98,3.0,40.0,3,1.5,0.1,30,805958.6175999979,391,0.21311475409836064,0.9582310675695734,-0.057237067554908656,33.17915835439722,0.519280205655527,-9996.11,-19.40413824000021
0.6,0.975,3.0,40.0,3,1.5,0.1,30,549603.5838799989,390,0.16393442622950818,0.8884246011123328,-0.2970006800139551,53.58589136123308,0.520618556701031,-9996.12,-45.03964161200011
0.6,0.975,5.0,40.0,3,2.0,0.12,30,513629.4290599973,390,0.18032786885245902,0.9210262661850231,-0.14068111031553665,62.57080740763783,0.5051546391752577,-9996.12,-48.63705709400027
0.6,0.98,3.0,40.0,3,1.5,0.12,30,428793.49951999774,388,0.14754098360655737,0.8607699522561112,-0.4215011019062224,60.454012811263105,0.5038759689922481,-9996.13,-57.12065004800022
0.6,0.98,5.0,40.0,3,2.0,0.12,30,404536.78015999787,389,0.18032786885245902,0.8670909435355701,-0.21340527715381752,59.81685398585193,0.5012919896640827,-9996.13,-59.54632198400021
0.5,0.98,5.0,40.0,3,1.5,0.12,30,919749.1723799999,389,0.26229508196721313,0.9855803020439373,0.07660304879193244,41.8013538992619,0.5503875968992248,-9996.13,-8.025082762000013
0.5,0.98,3.0,40.0,3,1.0,0.1,30,698004.8972399996,384,0.26229508196721313,0.9077200541391758,-0.22164412825671195,39.78093939212987,0.5195822454308094,-9996.17,-30.19951027600004
0.6,0.98,3.0,40.0,3,2.0,0.12,30,330672.3626599974,383,0.16393442622950818,0.8402265984712188,-0.38993238492839777,67.15389926632952,0.5052356020942408,-9996.18,-66.93276373400026
0.6,0.975,3.0,40.0,3,2.0,0.1,30,700612.8802799995,383,0.19672131147540983,0.9522676765483912,-0.029647601633057696,53.54554663863205,0.5013123359580053,-9996.19,-29.938711972000053
0.5,0.98,3.0,40.0,3,2.0,0.1,30,835931.4098799981,383,0.21311475409836064,0.9814747943892724,0.1177234132470805,51.36949131927305,0.5669291338582677,-9996.19,-16.406859012000197
0.5,0.975,3.0,40.0,3,1.5,0.12,30,541101.4757799996,382,0.19672131147540983,0.9001730792045157,-0.252563833500727,52.02561610887444,0.5368421052631579,-9996.2,-45.88985242200003
0.5,0.98,5.0,40.0,3,2.0,0.1,30,1148083.906640003,380,0.2786885245901639,1.0200718834234728,0.26230225605746516,48.15249437248077,0.5793650793650794,-9996.22,14.808390664000303
0.5,0.975,5.0,40.0,3,1.0,0.12,30,732777.6228199983,380,0.19672131147540983,0.9200175072308253,-0.2208782256046727,46.64552325592676,0.5423280423280423,-9996.22,-26.722237718000173
0.5,0.975,5.0,40.0,3,1.5,0.1,30,874874.3159999987,380,0.21311475409836064,0.9809616705885735,0.043539936524795785,42.73401238146405,0.5423280423280423,-9996.22,-12.512568400000124
0.5,0.975,3.0,40.0,3,1.0,0.12,30,739037.2181600003,378,0.2786885245901639,0.9300697701262334,-0.19922048942650586,44.29363985101724,0.526595744680851,-9996.24,-26.096278183999978
0.6,0.975,3.0,40.0,3,2.0,0.12,30,413963.20725999656,378,0.14754098360655737,0.9033500760712403,-0.19372092507939387,69.83368215671993,0.5053191489361702,-9996.24,-58.60367927400034
0.6,0.975,5.0,40.0,3,1.5,0.1,30,1089618.5859799988,378,0.21311475409836064,1.0241411999666623,0.19905297503959782,40.83558376330206,0.526595744680851,-9996.24,8.961858597999871
0.5,0.98,5.0,40.0,3,1.5,0.1,30,1247078.971259999,374,0.2459016393442623,1.0410364051708043,0.28441608414908226,35.1908750536148,0.5403225806451613,-9996.28,24.7078971259999
0.5,0.98,3.0,40.0,3,1.5,0.1,30,484053.5902599988,373,0.22950819672131148,0.8823192067945697,-0.33492913681943765,56.63594647647948,0.5403225806451613,-9996.28,-51.59464097400013
0.6,0.975,5.0,40.0,3,2.0,0.1,30,661859.162479999,374,0.18032786885245902,0.9454430346304192,-0.03679322792970152,56.49795494224429,0.5053763440860215,-9996.28,-33.8140837520001
0.5,0.975,3.0,40.0,3,1.5,0.1,30,1089867.563199999,373,0.22950819672131148,1.0153202077969747,0.20932540717486534,47.086916889815626,0.5202156334231806,-9996.29,8.9867563199999
0.5,0.975,3.0,40.0,3,2.0,0.1,30,869584.3989399988,372,0.19672131147540983,0.9852466616098736,0.12751156861410737,46.499644930482454,0.5378378378378378,-9996.3,-13.041560106000116
0.5,0.975,5.0,40.0,3,1.5,0.12,30,864469.6368200002,371,0.19672131147540983,0.9795596050644559,0.05739779181592277,46.421784129904296,0.5203252032520326,-9996.31,-13.553036317999979
0.5,0.98,3.0,40.0,3,1.0,0.12,30,672884.9540399984,369,0.26229508196721313,0.8973820137660291,-0.27383280496042717,44.34804200038497,0.532608695652174,-9996.32,-32.71150459600016
0.5,0.98,3.0,40.0,3,2.0,0.12,30,398197.4723599998,370,0.22950819672131148,0.895263046787187,-0.2711242542602805,66.78113429436603,0.5434782608695652,-9996.32,-60.180252764000016
0.5,0.98,3.0,40.0,3,1.5,0.12,30,800631.98502,370,0.21311475409836064,0.9605039177361367,0.016137373424024066,40.12928875115442,0.529891304347826,-9996.32,-19.936801498
0.5,0.98,5.0,40.0,3,2.0,0.12,30,641115.8077599993,369,0.22950819672131148,0.933411565768007,-0.06610911271947502,64.89965906676738,0.5449591280653951,-9996.33,-35.88841922400007
0.5,0.975,5.0,40.0,3,1.0,0.1,30,753977.8488399996,369,0.2459016393442623,0.9335144009950337,-0.16486040199361998,45.503556508955015,0.5149863760217984,-9996.33,-24.602215116000036
0.5,0.98,5.0,40.0,3,1.0,0.1,30,740341.9736399992,369,0.2459016393442623,0.9285684788074291,-0.17709929291684134,43.44159886971581,0.5286103542234333,-9996.33,-25.965802636000078
0.5,0.975,3.0,40.0,3,1.0,0.1,30,634068.1061400003,366,0.2786885245901639,0.8812101181601651,-0.3942006844713723,44.596086277888716,0.5192307692307693,-9996.36,-36.59318938599997
0.5,0.98,5.0,40.0,3,1.0,0.12,30,721382.852600001,365,0.22950819672131148,0.9204603585424502,-0.20682379121529745,52.19186270309053,0.5302197802197802,-9996.36,-27.861714739999897
0.5,0.975,5.0,40.0,3,2.0,0.1,30,1147506.9242000016,364,0.2459016393442623,1.0191223625050783,0.2657766501067337,50.333560039655346,0.5497237569060773,-9996.38,14.750692420000156
0.5,0.975,5.0,40.0,3,2.0,0.12,30,717183.4002800005,364,0.22950819672131148,0.9683846890475187,0.026497239670037417,67.04551278648081,0.5303867403314917,-9996.38,-28.28165997199995
0.5,0.975,3.0,40.0,3,2.0,0.12,30,509962.912019999,361,0.16393442622950818,0.9312286775526804,-0.126097075050695,67.30610947979328,0.5125348189415042,-9996.41,-49.0037087980001
